"Description", "File", "M/A/C/B", "Flag"
"PROFILE.OS.FILE.RENAME", "dst", "M", "PROFILE_SAMEAS_W0_BEFORE"
"PROFILE.OS.FILE.RENAME", "dst", "M", "PROFILE_SAMEAS_W0_M_BEFORE"
"PROFILE.OS.FILE.RENAME", "dst", "M", "PROFILE_SAMEAS_W0_C_BEFORE"
"PROFILE.OS.FILE.RENAME", "dst", "A", "PROFILE_SAMEAS_W0_BEFORE"
"PROFILE.OS.FILE.RENAME", "dst", "A", "PROFILE_SAMEAS_W0_A_BEFORE"
"PROFILE.OS.FILE.RENAME", "dst", "C", "PROFILE_UPDATE_COMMAND"
"PROFILE.OS.FILE.RENAME", "dst", "B", "PROFILE_SAMEAS_W0_BEFORE"
"PROFILE.OS.FILE.RENAME", "dst", "B", "PROFILE_SAMEAS_W0_B_BEFORE"
"PROFILE.OS.FILE.RENAME", "dir/", "M", "PROFILE_UPDATE_COMMAND"
"PROFILE.OS.FILE.RENAME", "dir/", "A", "PROFILE_EQ_COMMAND"
"PROFILE.OS.FILE.RENAME", "dir/", "C", "PROFILE_UPDATE_COMMAND"
"PROFILE.OS.FILE.RENAME", "dir/", "B", "PROFILE_EQ_COMMAND"
"PROFILE.OS.DIR.RENAME", "dst/", "M", "PROFILE_SAMEAS_W0_BEFORE"
"PROFILE.OS.DIR.RENAME", "dst/", "M", "PROFILE_SAMEAS_W0_M_BEFORE"
"PROFILE.OS.DIR.RENAME", "dst/", "M", "PROFILE_SAMEAS_W0_C_BEFORE"
"PROFILE.OS.DIR.RENAME", "dst/", "A", "PROFILE_SAMEAS_W0_BEFORE"
"PROFILE.OS.DIR.RENAME", "dst/", "A", "PROFILE_SAMEAS_W0_A_BEFORE"
"PROFILE.OS.DIR.RENAME", "dst/", "C", "PROFILE_UPDATE_COMMAND"
"PROFILE.OS.DIR.RENAME", "dst/", "B", "PROFILE_SAMEAS_W0_BEFORE"
"PROFILE.OS.DIR.RENAME", "dst/", "B", "PROFILE_SAMEAS_W0_B_BEFORE"
"PROFILE.OS.DIR.RENAME", "dir/", "M", "PROFILE_UPDATE_COMMAND"
"PROFILE.OS.DIR.RENAME", "dir/", "A", "PROFILE_EQ_COMMAND"
"PROFILE.OS.DIR.RENAME", "dir/", "C", "PROFILE_UPDATE_COMMAND"
"PROFILE.OS.DIR.RENAME", "dir/", "B", "PROFILE_EQ_COMMAND"
"PROFILE.OS.FILE.MV_LOCAL", "srcdir/", "M", "PROFILE_UPDATE_COMMAND"
"PROFILE.OS.FILE.MV_LOCAL", "srcdir/", "A", "PROFILE_EQ_COMMAND"
"PROFILE.OS.FILE.MV_LOCAL", "srcdir/", "C", "PROFILE_UPDATE_COMMAND"
"PROFILE.OS.FILE.MV_LOCAL", "srcdir/", "B", "PROFILE_EQ_COMMAND"
"PROFILE.OS.FILE.MV_LOCAL", "dst", "M", "PROFILE_SAMEAS_W0_BEFORE"
"PROFILE.OS.FILE.MV_LOCAL", "dst", "M", "PROFILE_SAMEAS_W0_M_BEFORE"
"PROFILE.OS.FILE.MV_LOCAL", "dst", "M", "PROFILE_SAMEAS_W0_C_BEFORE"
"PROFILE.OS.FILE.MV_LOCAL", "dst", "A", "PROFILE_SAMEAS_W0_BEFORE"
"PROFILE.OS.FILE.MV_LOCAL", "dst", "A", "PROFILE_SAMEAS_W0_A_BEFORE"
"PROFILE.OS.FILE.MV_LOCAL", "dst", "C", "PROFILE_UPDATE_COMMAND"
"PROFILE.OS.FILE.MV_LOCAL", "dst", "B", "PROFILE_SAMEAS_W0_BEFORE"
"PROFILE.OS.FILE.MV_LOCAL", "dst", "B", "PROFILE_SAMEAS_W0_B_BEFORE"
"PROFILE.OS.FILE.MV_LOCAL", "dstdir/", "M", "PROFILE_UPDATE_COMMAND"
"PROFILE.OS.FILE.MV_LOCAL", "dstdir/", "A", "PROFILE_EQ_COMMAND"
"PROFILE.OS.FILE.MV_LOCAL", "dstdir/", "C", "PROFILE_UPDATE_COMMAND"
"PROFILE.OS.FILE.MV_LOCAL", "dstdir/", "B", "PROFILE_EQ_COMMAND"
"PROFILE.OS.DIR.MV_LOCAL", "srcdir/", "M", "PROFILE_UPDATE_COMMAND"
"PROFILE.OS.DIR.MV_LOCAL", "srcdir/", "A", "PROFILE_EQ_COMMAND"
"PROFILE.OS.DIR.MV_LOCAL", "srcdir/", "C", "PROFILE_UPDATE_COMMAND"
"PROFILE.OS.DIR.MV_LOCAL", "srcdir/", "B", "PROFILE_EQ_COMMAND"
"PROFILE.OS.DIR.MV_LOCAL", "dst/", "M", "PROFILE_UPDATE_COMMAND"
"PROFILE.OS.DIR.MV_LOCAL", "dst/", "A", "PROFILE_SAMEAS_W0_BEFORE"
"PROFILE.OS.DIR.MV_LOCAL", "dst/", "A", "PROFILE_SAMEAS_W0_A_BEFORE"
"PROFILE.OS.DIR.MV_LOCAL", "dst/", "C", "PROFILE_UPDATE_COMMAND"
"PROFILE.OS.DIR.MV_LOCAL", "dst/", "B", "PROFILE_SAMEAS_W0_BEFORE"
"PROFILE.OS.DIR.MV_LOCAL", "dst/", "B", "PROFILE_SAMEAS_W0_B_BEFORE"
"PROFILE.OS.DIR.MV_LOCAL", "dstdir/", "M", "PROFILE_UPDATE_COMMAND"
"PROFILE.OS.DIR.MV_LOCAL", "dstdir/", "A", "PROFILE_EQ_COMMAND"
"PROFILE.OS.DIR.MV_LOCAL", "dstdir/", "C", "PROFILE_UPDATE_COMMAND"
"PROFILE.OS.DIR.MV_LOCAL", "dstdir/", "B", "PROFILE_EQ_COMMAND"
"PROFILE.OS.FILE.MV_VOLUME", "srcdir/", "M", "PROFILE_UPDATE_COMMAND"
"PROFILE.OS.FILE.MV_VOLUME", "srcdir/", "A", "PROFILE_EQ_COMMAND"
"PROFILE.OS.FILE.MV_VOLUME", "srcdir/", "C", "PROFILE_UPDATE_COMMAND"
"PROFILE.OS.FILE.MV_VOLUME", "srcdir/", "B", "PROFILE_EQ_COMMAND"
"PROFILE.OS.FILE.MV_VOLUME", "dst", "M", "PROFILE_SAMEAS_W0_BEFORE"
"PROFILE.OS.FILE.MV_VOLUME", "dst", "M", "PROFILE_SAMEAS_W0_M_BEFORE"
"PROFILE.OS.FILE.MV_VOLUME", "dst", "M", "PROFILE_SAMEAS_W0_C_BEFORE"
"PROFILE.OS.FILE.MV_VOLUME", "dst", "A", "PROFILE_SAMEAS_W0_BEFORE"
"PROFILE.OS.FILE.MV_VOLUME", "dst", "A", "PROFILE_SAMEAS_W0_A_BEFORE"
"PROFILE.OS.FILE.MV_VOLUME", "dst", "C", "PROFILE_UPDATE_COMMAND"
"PROFILE.OS.FILE.MV_VOLUME", "dst", "B", "PROFILE_SAMEAS_W0_M_BEFORE"
"PROFILE.OS.FILE.MV_VOLUME", "dst", "B", "PROFILE_SAMEAS_W0_C_BEFORE"
"PROFILE.OS.FILE.MV_VOLUME", "dstdir/", "M", "PROFILE_UPDATE_COMMAND"
"PROFILE.OS.FILE.MV_VOLUME", "dstdir/", "A", "PROFILE_EQ_COMMAND"
"PROFILE.OS.FILE.MV_VOLUME", "dstdir/", "C", "PROFILE_UPDATE_COMMAND"
"PROFILE.OS.FILE.MV_VOLUME", "dstdir/", "B", "PROFILE_EQ_COMMAND"
"PROFILE.OS.DIR.MV_VOLUME", "srcdir/", "M", "PROFILE_UPDATE_COMMAND"
"PROFILE.OS.DIR.MV_VOLUME", "srcdir/", "A", "PROFILE_EQ_COMMAND"
"PROFILE.OS.DIR.MV_VOLUME", "srcdir/", "C", "PROFILE_UPDATE_COMMAND"
"PROFILE.OS.DIR.MV_VOLUME", "srcdir/", "B", "PROFILE_EQ_COMMAND"
"PROFILE.OS.DIR.MV_VOLUME", "dst/", "M", "PROFILE_SAMEAS_W0_BEFORE"
"PROFILE.OS.DIR.MV_VOLUME", "dst/", "M", "PROFILE_SAMEAS_W0_M_BEFORE"
"PROFILE.OS.DIR.MV_VOLUME", "dst/", "M", "PROFILE_SAMEAS_W0_C_BEFORE"
"PROFILE.OS.DIR.MV_VOLUME", "dst/", "A", "PROFILE_SAMEAS_W0_BEFORE"
"PROFILE.OS.DIR.MV_VOLUME", "dst/", "A", "PROFILE_SAMEAS_W0_A_BEFORE"
"PROFILE.OS.DIR.MV_VOLUME", "dst/", "C", "PROFILE_UPDATE_COMMAND"
"PROFILE.OS.DIR.MV_VOLUME", "dst/", "B", "PROFILE_SAMEAS_W0_M_BEFORE"
"PROFILE.OS.DIR.MV_VOLUME", "dst/", "B", "PROFILE_SAMEAS_W0_C_BEFORE"
"PROFILE.OS.DIR.MV_VOLUME", "dstdir/", "M", "PROFILE_UPDATE_COMMAND"
"PROFILE.OS.DIR.MV_VOLUME", "dstdir/", "A", "PROFILE_EQ_COMMAND"
"PROFILE.OS.DIR.MV_VOLUME", "dstdir/", "C", "PROFILE_UPDATE_COMMAND"
"PROFILE.OS.DIR.MV_VOLUME", "dstdir/", "B", "PROFILE_EQ_COMMAND"
"PROFILE.OS.FILE.COPY_LOCAL.NEW", "src", "M", "PROFILE_EQ_COMMAND"
"PROFILE.OS.FILE.COPY_LOCAL.NEW", "src", "A", "PROFILE_UPDATE_COMMAND"
"PROFILE.OS.FILE.COPY_LOCAL.NEW", "src", "C", "PROFILE_EQ_COMMAND"
"PROFILE.OS.FILE.COPY_LOCAL.NEW", "src", "B", "PROFILE_EQ_COMMAND"
"PROFILE.OS.FILE.COPY_LOCAL.NEW", "srcdir/", "M", "PROFILE_EQ_COMMAND"
"PROFILE.OS.FILE.COPY_LOCAL.NEW", "srcdir/", "A", "PROFILE_EQ_COMMAND"
"PROFILE.OS.FILE.COPY_LOCAL.NEW", "srcdir/", "C", "PROFILE_EQ_COMMAND"
"PROFILE.OS.FILE.COPY_LOCAL.NEW", "srcdir/", "B", "PROFILE_EQ_COMMAND"
"PROFILE.OS.FILE.COPY_LOCAL.NEW", "dst", "M", "PROFILE_UPDATE_COMMAND"
"PROFILE.OS.FILE.COPY_LOCAL.NEW", "dst", "A", "PROFILE_UPDATE_COMMAND"
"PROFILE.OS.FILE.COPY_LOCAL.NEW", "dst", "C", "PROFILE_UPDATE_COMMAND"
"PROFILE.OS.FILE.COPY_LOCAL.NEW", "dst", "B", "PROFILE_UPDATE_COMMAND"
"PROFILE.OS.FILE.COPY_LOCAL.NEW", "dstdir/", "M", "PROFILE_UPDATE_COMMAND"
"PROFILE.OS.FILE.COPY_LOCAL.NEW", "dstdir/", "A", "PROFILE_EQ_COMMAND"
"PROFILE.OS.FILE.COPY_LOCAL.NEW", "dstdir/", "C", "PROFILE_UPDATE_COMMAND"
"PROFILE.OS.FILE.COPY_LOCAL.NEW", "dstdir/", "B", "PROFILE_EQ_COMMAND"
"PROFILE.OS.FILE.COPY_LOCAL.EXISTING", "src", "M", "PROFILE_EQ_COMMAND"
"PROFILE.OS.FILE.COPY_LOCAL.EXISTING", "src", "A", "PROFILE_UPDATE_COMMAND"
"PROFILE.OS.FILE.COPY_LOCAL.EXISTING", "src", "C", "PROFILE_EQ_COMMAND"
"PROFILE.OS.FILE.COPY_LOCAL.EXISTING", "src", "B", "PROFILE_EQ_COMMAND"
"PROFILE.OS.FILE.COPY_LOCAL.EXISTING", "srcdir/", "M", "PROFILE_EQ_COMMAND"
"PROFILE.OS.FILE.COPY_LOCAL.EXISTING", "srcdir/", "A", "PROFILE_EQ_COMMAND"
"PROFILE.OS.FILE.COPY_LOCAL.EXISTING", "srcdir/", "C", "PROFILE_EQ_COMMAND"
"PROFILE.OS.FILE.COPY_LOCAL.EXISTING", "srcdir/", "B", "PROFILE_EQ_COMMAND"
"PROFILE.OS.FILE.COPY_LOCAL.EXISTING", "dst", "M", "PROFILE_UPDATE_COMMAND"
"PROFILE.OS.FILE.COPY_LOCAL.EXISTING", "dst", "A", "PROFILE_EQ_COMMAND"
"PROFILE.OS.FILE.COPY_LOCAL.EXISTING", "dst", "C", "PROFILE_UPDATE_COMMAND"
"PROFILE.OS.FILE.COPY_LOCAL.EXISTING", "dst", "B", "PROFILE_EQ_COMMAND"
"PROFILE.OS.FILE.COPY_LOCAL.EXISTING", "dstdir/", "M", "PROFILE_EQ_COMMAND"
"PROFILE.OS.FILE.COPY_LOCAL.EXISTING", "dstdir/", "A", "PROFILE_EQ_COMMAND"
"PROFILE.OS.FILE.COPY_LOCAL.EXISTING", "dstdir/", "C", "PROFILE_EQ_COMMAND"
"PROFILE.OS.FILE.COPY_LOCAL.EXISTING", "dstdir/", "B", "PROFILE_EQ_COMMAND"
"PROFILE.OS.FILE.COPY_VOLUME.NEW", "src", "M", "PROFILE_EQ_COMMAND"
"PROFILE.OS.FILE.COPY_VOLUME.NEW", "src", "A", "PROFILE_UPDATE_COMMAND"
"PROFILE.OS.FILE.COPY_VOLUME.NEW", "src", "C", "PROFILE_EQ_COMMAND"
"PROFILE.OS.FILE.COPY_VOLUME.NEW", "src", "B", "PROFILE_EQ_COMMAND"
"PROFILE.OS.FILE.COPY_VOLUME.NEW", "srcdir/", "M", "PROFILE_EQ_COMMAND"
"PROFILE.OS.FILE.COPY_VOLUME.NEW", "srcdir/", "A", "PROFILE_EQ_COMMAND"
"PROFILE.OS.FILE.COPY_VOLUME.NEW", "srcdir/", "C", "PROFILE_EQ_COMMAND"
"PROFILE.OS.FILE.COPY_VOLUME.NEW", "srcdir/", "B", "PROFILE_EQ_COMMAND"
"PROFILE.OS.FILE.COPY_VOLUME.NEW", "dst", "M", "PROFILE_UPDATE_COMMAND"
"PROFILE.OS.FILE.COPY_VOLUME.NEW", "dst", "A", "PROFILE_UPDATE_COMMAND"
"PROFILE.OS.FILE.COPY_VOLUME.NEW", "dst", "C", "PROFILE_UPDATE_COMMAND"
"PROFILE.OS.FILE.COPY_VOLUME.NEW", "dst", "B", "PROFILE_UPDATE_COMMAND"
"PROFILE.OS.FILE.COPY_VOLUME.NEW", "dstdir/", "M", "PROFILE_UPDATE_COMMAND"
"PROFILE.OS.FILE.COPY_VOLUME.NEW", "dstdir/", "A", "PROFILE_EQ_COMMAND"
"PROFILE.OS.FILE.COPY_VOLUME.NEW", "dstdir/", "C", "PROFILE_UPDATE_COMMAND"
"PROFILE.OS.FILE.COPY_VOLUME.NEW", "dstdir/", "B", "PROFILE_EQ_COMMAND"
"PROFILE.OS.FILE.COPY_VOLUME.EXISTING", "src", "M", "PROFILE_EQ_COMMAND"
"PROFILE.OS.FILE.COPY_VOLUME.EXISTING", "src", "A", "PROFILE_UPDATE_COMMAND"
"PROFILE.OS.FILE.COPY_VOLUME.EXISTING", "src", "C", "PROFILE_EQ_COMMAND"
"PROFILE.OS.FILE.COPY_VOLUME.EXISTING", "src", "B", "PROFILE_EQ_COMMAND"
"PROFILE.OS.FILE.COPY_VOLUME.EXISTING", "srcdir/", "M", "PROFILE_EQ_COMMAND"
"PROFILE.OS.FILE.COPY_VOLUME.EXISTING", "srcdir/", "A", "PROFILE_EQ_COMMAND"
"PROFILE.OS.FILE.COPY_VOLUME.EXISTING", "srcdir/", "C", "PROFILE_EQ_COMMAND"
"PROFILE.OS.FILE.COPY_VOLUME.EXISTING", "srcdir/", "B", "PROFILE_EQ_COMMAND"
"PROFILE.OS.FILE.COPY_VOLUME.EXISTING", "dst", "M", "PROFILE_UPDATE_COMMAND"
"PROFILE.OS.FILE.COPY_VOLUME.EXISTING", "dst", "A", "PROFILE_EQ_COMMAND"
"PROFILE.OS.FILE.COPY_VOLUME.EXISTING", "dst", "C", "PROFILE_UPDATE_COMMAND"
"PROFILE.OS.FILE.COPY_VOLUME.EXISTING", "dst", "B", "PROFILE_EQ_COMMAND"
"PROFILE.OS.FILE.COPY_VOLUME.EXISTING", "dstdir/", "M", "PROFILE_EQ_COMMAND"
"PROFILE.OS.FILE.COPY_VOLUME.EXISTING", "dstdir/", "A", "PROFILE_EQ_COMMAND"
"PROFILE.OS.FILE.COPY_VOLUME.EXISTING", "dstdir/", "C", "PROFILE_EQ_COMMAND"
"PROFILE.OS.FILE.COPY_VOLUME.EXISTING", "dstdir/", "B", "PROFILE_EQ_COMMAND"
"PROFILE.OS.DIR.COPY_LOCAL.NEW.NOTEMPTY", "src/", "M", "PROFILE_EQ_COMMAND"
"PROFILE.OS.DIR.COPY_LOCAL.NEW.NOTEMPTY", "src/", "A", "PROFILE_EQ_COMMAND"
"PROFILE.OS.DIR.COPY_LOCAL.NEW.NOTEMPTY", "src/", "C", "PROFILE_EQ_COMMAND"
"PROFILE.OS.DIR.COPY_LOCAL.NEW.NOTEMPTY", "src/", "B", "PROFILE_EQ_COMMAND"
"PROFILE.OS.DIR.COPY_LOCAL.NEW.NOTEMPTY", "srcdir/", "M", "PROFILE_EQ_COMMAND"
"PROFILE.OS.DIR.COPY_LOCAL.NEW.NOTEMPTY", "srcdir/", "A", "PROFILE_EQ_COMMAND"
"PROFILE.OS.DIR.COPY_LOCAL.NEW.NOTEMPTY", "srcdir/", "C", "PROFILE_EQ_COMMAND"
"PROFILE.OS.DIR.COPY_LOCAL.NEW.NOTEMPTY", "srcdir/", "B", "PROFILE_EQ_COMMAND"
"PROFILE.OS.DIR.COPY_LOCAL.NEW.NOTEMPTY", "dst/", "M", "PROFILE_UPDATE_COMMAND"
"PROFILE.OS.DIR.COPY_LOCAL.NEW.NOTEMPTY", "dst/", "A", "PROFILE_UPDATE_COMMAND"
"PROFILE.OS.DIR.COPY_LOCAL.NEW.NOTEMPTY", "dst/", "C", "PROFILE_UPDATE_COMMAND"
"PROFILE.OS.DIR.COPY_LOCAL.NEW.NOTEMPTY", "dst/", "B", "PROFILE_UPDATE_COMMAND"
"PROFILE.OS.DIR.COPY_LOCAL.NEW.NOTEMPTY", "dstdir/", "M", "PROFILE_UPDATE_COMMAND"
"PROFILE.OS.DIR.COPY_LOCAL.NEW.NOTEMPTY", "dstdir/", "A", "PROFILE_EQ_COMMAND"
"PROFILE.OS.DIR.COPY_LOCAL.NEW.NOTEMPTY", "dstdir/", "C", "PROFILE_UPDATE_COMMAND"
"PROFILE.OS.DIR.COPY_LOCAL.NEW.NOTEMPTY", "dstdir/", "B", "PROFILE_EQ_COMMAND"
"PROFILE.OS.DIR.COPY_VOLUME.NEW.NOTEMPTY", "src/", "M", "PROFILE_EQ_COMMAND"
"PROFILE.OS.DIR.COPY_VOLUME.NEW.NOTEMPTY", "src/", "A", "PROFILE_EQ_COMMAND"
"PROFILE.OS.DIR.COPY_VOLUME.NEW.NOTEMPTY", "src/", "C", "PROFILE_EQ_COMMAND"
"PROFILE.OS.DIR.COPY_VOLUME.NEW.NOTEMPTY", "src/", "B", "PROFILE_EQ_COMMAND"
"PROFILE.OS.DIR.COPY_VOLUME.NEW.NOTEMPTY", "srcdir/", "M", "PROFILE_EQ_COMMAND"
"PROFILE.OS.DIR.COPY_VOLUME.NEW.NOTEMPTY", "srcdir/", "A", "PROFILE_EQ_COMMAND"
"PROFILE.OS.DIR.COPY_VOLUME.NEW.NOTEMPTY", "srcdir/", "C", "PROFILE_EQ_COMMAND"
"PROFILE.OS.DIR.COPY_VOLUME.NEW.NOTEMPTY", "srcdir/", "B", "PROFILE_EQ_COMMAND"
"PROFILE.OS.DIR.COPY_VOLUME.NEW.NOTEMPTY", "dst/", "M", "PROFILE_UPDATE_COMMAND"
"PROFILE.OS.DIR.COPY_VOLUME.NEW.NOTEMPTY", "dst/", "A", "PROFILE_UPDATE_COMMAND"
"PROFILE.OS.DIR.COPY_VOLUME.NEW.NOTEMPTY", "dst/", "C", "PROFILE_UPDATE_COMMAND"
"PROFILE.OS.DIR.COPY_VOLUME.NEW.NOTEMPTY", "dst/", "B", "PROFILE_UPDATE_COMMAND"
"PROFILE.OS.DIR.COPY_VOLUME.NEW.NOTEMPTY", "dstdir/", "M", "PROFILE_UPDATE_COMMAND"
"PROFILE.OS.DIR.COPY_VOLUME.NEW.NOTEMPTY", "dstdir/", "A", "PROFILE_EQ_COMMAND"
"PROFILE.OS.DIR.COPY_VOLUME.NEW.NOTEMPTY", "dstdir/", "C", "PROFILE_UPDATE_COMMAND"
"PROFILE.OS.DIR.COPY_VOLUME.NEW.NOTEMPTY", "dstdir/", "B", "PROFILE_EQ_COMMAND"
"PROFILE.OS.DIR.COPY_LOCAL.NEW.EMPTY", "src/", "M", "PROFILE_EQ_COMMAND"
"PROFILE.OS.DIR.COPY_LOCAL.NEW.EMPTY", "src/", "A", "PROFILE_EQ_COMMAND"
"PROFILE.OS.DIR.COPY_LOCAL.NEW.EMPTY", "src/", "C", "PROFILE_EQ_COMMAND"
"PROFILE.OS.DIR.COPY_LOCAL.NEW.EMPTY", "src/", "B", "PROFILE_EQ_COMMAND"
"PROFILE.OS.DIR.COPY_LOCAL.NEW.EMPTY", "srcdir/", "M", "PROFILE_EQ_COMMAND"
"PROFILE.OS.DIR.COPY_LOCAL.NEW.EMPTY", "srcdir/", "A", "PROFILE_EQ_COMMAND"
"PROFILE.OS.DIR.COPY_LOCAL.NEW.EMPTY", "srcdir/", "C", "PROFILE_EQ_COMMAND"
"PROFILE.OS.DIR.COPY_LOCAL.NEW.EMPTY", "srcdir/", "B", "PROFILE_EQ_COMMAND"
"PROFILE.OS.DIR.COPY_LOCAL.NEW.EMPTY", "dst/", "M", "PROFILE_UPDATE_COMMAND"
"PROFILE.OS.DIR.COPY_LOCAL.NEW.EMPTY", "dst/", "A", "PROFILE_UPDATE_COMMAND"
"PROFILE.OS.DIR.COPY_LOCAL.NEW.EMPTY", "dst/", "C", "PROFILE_UPDATE_COMMAND"
"PROFILE.OS.DIR.COPY_LOCAL.NEW.EMPTY", "dst/", "B", "PROFILE_UPDATE_COMMAND"
"PROFILE.OS.DIR.COPY_LOCAL.NEW.EMPTY", "dstdir/", "M", "PROFILE_UPDATE_COMMAND"
"PROFILE.OS.DIR.COPY_LOCAL.NEW.EMPTY", "dstdir/", "A", "PROFILE_EQ_COMMAND"
"PROFILE.OS.DIR.COPY_LOCAL.NEW.EMPTY", "dstdir/", "C", "PROFILE_UPDATE_COMMAND"
"PROFILE.OS.DIR.COPY_LOCAL.NEW.EMPTY", "dstdir/", "B", "PROFILE_EQ_COMMAND"
"PROFILE.OS.DIR.COPY_VOLUME.NEW.EMPTY", "src/", "M", "PROFILE_EQ_COMMAND"
"PROFILE.OS.DIR.COPY_VOLUME.NEW.EMPTY", "src/", "A", "PROFILE_EQ_COMMAND"
"PROFILE.OS.DIR.COPY_VOLUME.NEW.EMPTY", "src/", "C", "PROFILE_EQ_COMMAND"
"PROFILE.OS.DIR.COPY_VOLUME.NEW.EMPTY", "src/", "B", "PROFILE_EQ_COMMAND"
"PROFILE.OS.DIR.COPY_VOLUME.NEW.EMPTY", "srcdir/", "M", "PROFILE_EQ_COMMAND"
"PROFILE.OS.DIR.COPY_VOLUME.NEW.EMPTY", "srcdir/", "A", "PROFILE_EQ_COMMAND"
"PROFILE.OS.DIR.COPY_VOLUME.NEW.EMPTY", "srcdir/", "C", "PROFILE_EQ_COMMAND"
"PROFILE.OS.DIR.COPY_VOLUME.NEW.EMPTY", "srcdir/", "B", "PROFILE_EQ_COMMAND"
"PROFILE.OS.DIR.COPY_VOLUME.NEW.EMPTY", "dst/", "M", "PROFILE_UPDATE_COMMAND"
"PROFILE.OS.DIR.COPY_VOLUME.NEW.EMPTY", "dst/", "A", "PROFILE_UPDATE_COMMAND"
"PROFILE.OS.DIR.COPY_VOLUME.NEW.EMPTY", "dst/", "C", "PROFILE_UPDATE_COMMAND"
"PROFILE.OS.DIR.COPY_VOLUME.NEW.EMPTY", "dst/", "B", "PROFILE_UPDATE_COMMAND"
"PROFILE.OS.DIR.COPY_VOLUME.NEW.EMPTY", "dstdir/", "M", "PROFILE_UPDATE_COMMAND"
"PROFILE.OS.DIR.COPY_VOLUME.NEW.EMPTY", "dstdir/", "A", "PROFILE_EQ_COMMAND"
"PROFILE.OS.DIR.COPY_VOLUME.NEW.EMPTY", "dstdir/", "C", "PROFILE_UPDATE_COMMAND"
"PROFILE.OS.DIR.COPY_VOLUME.NEW.EMPTY", "dstdir/", "B", "PROFILE_EQ_COMMAND"
"PROFILE.OS.FILE.NEW", "dir/", "M", "PROFILE_UPDATE_COMMAND"
"PROFILE.OS.FILE.NEW", "dir/", "A", "PROFILE_EQ_COMMAND"
"PROFILE.OS.FILE.NEW", "dir/", "C", "PROFILE_UPDATE_COMMAND"
"PROFILE.OS.FILE.NEW", "dir/", "B", "PROFILE_EQ_COMMAND"
"PROFILE.OS.FILE.NEW", "newfile", "M", "PROFILE_UPDATE_COMMAND"
"PROFILE.OS.FILE.NEW", "newfile", "A", "PROFILE_UPDATE_COMMAND"
"PROFILE.OS.FILE.NEW", "newfile", "C", "PROFILE_UPDATE_COMMAND"
"PROFILE.OS.FILE.NEW", "newfile", "B", "PROFILE_UPDATE_COMMAND"
"PROFILE.OS.HARDLINK.FILE.NEW", "file", "M", "PROFILE_EQ_COMMAND"
"PROFILE.OS.HARDLINK.FILE.NEW", "file", "A", "PROFILE_EQ_COMMAND"
"PROFILE.OS.HARDLINK.FILE.NEW", "file", "C", "PROFILE_UPDATE_COMMAND"
"PROFILE.OS.HARDLINK.FILE.NEW", "file", "B", "PROFILE_EQ_COMMAND"
"PROFILE.OS.HARDLINK.FILE.NEW", "hardlink", "M", "PROFILE_SAMEAS_W0_BEFORE"
"PROFILE.OS.HARDLINK.FILE.NEW", "hardlink", "M", "PROFILE_SAMEAS_W0_M_BEFORE"
"PROFILE.OS.HARDLINK.FILE.NEW", "hardlink", "M", "PROFILE_SAMEAS_W0_C_BEFORE"
"PROFILE.OS.HARDLINK.FILE.NEW", "hardlink", "A", "PROFILE_SAMEAS_W0_BEFORE"
"PROFILE.OS.HARDLINK.FILE.NEW", "hardlink", "A", "PROFILE_SAMEAS_W0_A_BEFORE"
"PROFILE.OS.HARDLINK.FILE.NEW", "hardlink", "C", "PROFILE_UPDATE_COMMAND"
"PROFILE.OS.HARDLINK.FILE.NEW", "hardlink", "B", "PROFILE_SAMEAS_W0_BEFORE"
"PROFILE.OS.HARDLINK.FILE.NEW", "hardlink", "B", "PROFILE_SAMEAS_W0_B_BEFORE"
"PROFILE.OS.HARDLINK.FILE.NEW", "filedir/", "M", "PROFILE_EQ_COMMAND"
"PROFILE.OS.HARDLINK.FILE.NEW", "filedir/", "A", "PROFILE_EQ_COMMAND"
"PROFILE.OS.HARDLINK.FILE.NEW", "filedir/", "C", "PROFILE_EQ_COMMAND"
"PROFILE.OS.HARDLINK.FILE.NEW", "filedir/", "B", "PROFILE_EQ_COMMAND"
"PROFILE.OS.HARDLINK.FILE.NEW", "linkdir/", "M", "PROFILE_UPDATE_COMMAND"
"PROFILE.OS.HARDLINK.FILE.NEW", "linkdir/", "A", "PROFILE_EQ_COMMAND"
"PROFILE.OS.HARDLINK.FILE.NEW", "linkdir/", "C", "PROFILE_UPDATE_COMMAND"
"PROFILE.OS.HARDLINK.FILE.NEW", "linkdir/", "B", "PROFILE_EQ_COMMAND"
"PROFILE.OS.SYMLINK.FILE.NEW", "file", "M", "PROFILE_EQ_COMMAND"
"PROFILE.OS.SYMLINK.FILE.NEW", "file", "A", "PROFILE_EQ_COMMAND"
"PROFILE.OS.SYMLINK.FILE.NEW", "file", "C", "PROFILE_EQ_COMMAND"
"PROFILE.OS.SYMLINK.FILE.NEW", "file", "B", "PROFILE_EQ_COMMAND"
"PROFILE.OS.SYMLINK.FILE.NEW", "symlink", "M", "PROFILE_UPDATE_COMMAND"
"PROFILE.OS.SYMLINK.FILE.NEW", "symlink", "A", "PROFILE_UPDATE_COMMAND"
"PROFILE.OS.SYMLINK.FILE.NEW", "symlink", "C", "PROFILE_UPDATE_COMMAND"
"PROFILE.OS.SYMLINK.FILE.NEW", "symlink", "B", "PROFILE_UPDATE_COMMAND"
"PROFILE.OS.SYMLINK.FILE.NEW", "filedir/", "M", "PROFILE_EQ_COMMAND"
"PROFILE.OS.SYMLINK.FILE.NEW", "filedir/", "A", "PROFILE_EQ_COMMAND"
"PROFILE.OS.SYMLINK.FILE.NEW", "filedir/", "C", "PROFILE_EQ_COMMAND"
"PROFILE.OS.SYMLINK.FILE.NEW", "filedir/", "B", "PROFILE_EQ_COMMAND"
"PROFILE.OS.SYMLINK.FILE.NEW", "linkdir/", "M", "PROFILE_UPDATE_COMMAND"
"PROFILE.OS.SYMLINK.FILE.NEW", "linkdir/", "A", "PROFILE_EQ_COMMAND"
"PROFILE.OS.SYMLINK.FILE.NEW", "linkdir/", "C", "PROFILE_UPDATE_COMMAND"
"PROFILE.OS.SYMLINK.FILE.NEW", "linkdir/", "B", "PROFILE_EQ_COMMAND"
"PROFILE.OS.FILE.NEW.INTOSYMLINKDIR", "dir/", "M", "PROFILE_UPDATE_COMMAND"
"PROFILE.OS.FILE.NEW.INTOSYMLINKDIR", "dir/", "A", "PROFILE_EQ_COMMAND"
"PROFILE.OS.FILE.NEW.INTOSYMLINKDIR", "dir/", "C", "PROFILE_UPDATE_COMMAND"
"PROFILE.OS.FILE.NEW.INTOSYMLINKDIR", "dir/", "B", "PROFILE_EQ_COMMAND"
"PROFILE.OS.FILE.NEW.INTOSYMLINKDIR", "symlinkdir", "M", "PROFILE_EQ_COMMAND"
"PROFILE.OS.FILE.NEW.INTOSYMLINKDIR", "symlinkdir", "A", "PROFILE_EQ_COMMAND"
"PROFILE.OS.FILE.NEW.INTOSYMLINKDIR", "symlinkdir", "C", "PROFILE_EQ_COMMAND"
"PROFILE.OS.FILE.NEW.INTOSYMLINKDIR", "symlinkdir", "B", "PROFILE_EQ_COMMAND"
"PROFILE.OS.FILE.NEW.INTOSYMLINKDIR", "file", "M", "PROFILE_UPDATE_COMMAND"
"PROFILE.OS.FILE.NEW.INTOSYMLINKDIR", "file", "A", "PROFILE_UPDATE_COMMAND"
"PROFILE.OS.FILE.NEW.INTOSYMLINKDIR", "file", "C", "PROFILE_UPDATE_COMMAND"
"PROFILE.OS.FILE.NEW.INTOSYMLINKDIR", "file", "B", "PROFILE_UPDATE_COMMAND"
"PROFILE.OS.DIR.NEW", "parentdir/", "M", "PROFILE_UPDATE_COMMAND"
"PROFILE.OS.DIR.NEW", "parentdir/", "A", "PROFILE_EQ_COMMAND"
"PROFILE.OS.DIR.NEW", "parentdir/", "C", "PROFILE_UPDATE_COMMAND"
"PROFILE.OS.DIR.NEW", "parentdir/", "B", "PROFILE_EQ_COMMAND"
"PROFILE.OS.DIR.NEW", "newdir/", "M", "PROFILE_UPDATE_COMMAND"
"PROFILE.OS.DIR.NEW", "newdir/", "A", "PROFILE_UPDATE_COMMAND"
"PROFILE.OS.DIR.NEW", "newdir/", "C", "PROFILE_UPDATE_COMMAND"
"PROFILE.OS.DIR.NEW", "newdir/", "B", "PROFILE_UPDATE_COMMAND"
"PROFILE.OS.SYMLINK.DIR.NEW", "dir/", "M", "PROFILE_EQ_COMMAND"
"PROFILE.OS.SYMLINK.DIR.NEW", "dir/", "A", "PROFILE_EQ_COMMAND"
"PROFILE.OS.SYMLINK.DIR.NEW", "dir/", "C", "PROFILE_EQ_COMMAND"
"PROFILE.OS.SYMLINK.DIR.NEW", "dir/", "B", "PROFILE_EQ_COMMAND"
"PROFILE.OS.SYMLINK.DIR.NEW", "symlink", "M", "PROFILE_UPDATE_COMMAND"
"PROFILE.OS.SYMLINK.DIR.NEW", "symlink", "A", "PROFILE_UPDATE_COMMAND"
"PROFILE.OS.SYMLINK.DIR.NEW", "symlink", "C", "PROFILE_UPDATE_COMMAND"
"PROFILE.OS.SYMLINK.DIR.NEW", "symlink", "B", "PROFILE_UPDATE_COMMAND"
"PROFILE.OS.SYMLINK.DIR.NEW", "dirdir/", "M", "PROFILE_EQ_COMMAND"
"PROFILE.OS.SYMLINK.DIR.NEW", "dirdir/", "A", "PROFILE_EQ_COMMAND"
"PROFILE.OS.SYMLINK.DIR.NEW", "dirdir/", "C", "PROFILE_EQ_COMMAND"
"PROFILE.OS.SYMLINK.DIR.NEW", "dirdir/", "B", "PROFILE_EQ_COMMAND"
"PROFILE.OS.SYMLINK.DIR.NEW", "linkdir/", "M", "PROFILE_UPDATE_COMMAND"
"PROFILE.OS.SYMLINK.DIR.NEW", "linkdir/", "A", "PROFILE_EQ_COMMAND"
"PROFILE.OS.SYMLINK.DIR.NEW", "linkdir/", "C", "PROFILE_UPDATE_COMMAND"
"PROFILE.OS.SYMLINK.DIR.NEW", "linkdir/", "B", "PROFILE_EQ_COMMAND"
"PROFILE.OS.FILE.READ", "dir/", "M", "PROFILE_EQ_COMMAND"
"PROFILE.OS.FILE.READ", "dir/", "A", "PROFILE_EQ_COMMAND"
"PROFILE.OS.FILE.READ", "dir/", "C", "PROFILE_EQ_COMMAND"
"PROFILE.OS.FILE.READ", "dir/", "B", "PROFILE_EQ_COMMAND"
"PROFILE.OS.FILE.READ", "file", "M", "PROFILE_EQ_COMMAND"
"PROFILE.OS.FILE.READ", "file", "A", "PROFILE_UPDATE_COMMAND"
"PROFILE.OS.FILE.READ", "file", "C", "PROFILE_EQ_COMMAND"
"PROFILE.OS.FILE.READ", "file", "B", "PROFILE_EQ_COMMAND"
"PROFILE.OS.SYMLINK.FILE.READ", "file", "M", "PROFILE_EQ_COMMAND"
"PROFILE.OS.SYMLINK.FILE.READ", "file", "A", "PROFILE_UPDATE_COMMAND"
"PROFILE.OS.SYMLINK.FILE.READ", "file", "C", "PROFILE_EQ_COMMAND"
"PROFILE.OS.SYMLINK.FILE.READ", "file", "B", "PROFILE_EQ_COMMAND"
"PROFILE.OS.SYMLINK.FILE.READ", "symlink", "M", "PROFILE_EQ_COMMAND"
"PROFILE.OS.SYMLINK.FILE.READ", "symlink", "A", "PROFILE_EQ_COMMAND"
"PROFILE.OS.SYMLINK.FILE.READ", "symlink", "C", "PROFILE_EQ_COMMAND"
"PROFILE.OS.SYMLINK.FILE.READ", "symlink", "B", "PROFILE_EQ_COMMAND"
"PROFILE.OS.SYMLINK.FILE.READ", "filedir/", "M", "PROFILE_EQ_COMMAND"
"PROFILE.OS.SYMLINK.FILE.READ", "filedir/", "A", "PROFILE_EQ_COMMAND"
"PROFILE.OS.SYMLINK.FILE.READ", "filedir/", "C", "PROFILE_EQ_COMMAND"
"PROFILE.OS.SYMLINK.FILE.READ", "filedir/", "B", "PROFILE_EQ_COMMAND"
"PROFILE.OS.SYMLINK.FILE.READ", "linkdir/", "M", "PROFILE_EQ_COMMAND"
"PROFILE.OS.SYMLINK.FILE.READ", "linkdir/", "A", "PROFILE_EQ_COMMAND"
"PROFILE.OS.SYMLINK.FILE.READ", "linkdir/", "C", "PROFILE_EQ_COMMAND"
"PROFILE.OS.SYMLINK.FILE.READ", "linkdir/", "B", "PROFILE_EQ_COMMAND"
"PROFILE.OS.SYMLINK.READLINK", "target", "M", "PROFILE_EQ_COMMAND"
"PROFILE.OS.SYMLINK.READLINK", "target", "A", "PROFILE_EQ_COMMAND"
"PROFILE.OS.SYMLINK.READLINK", "target", "C", "PROFILE_EQ_COMMAND"
"PROFILE.OS.SYMLINK.READLINK", "target", "B", "PROFILE_EQ_COMMAND"
"PROFILE.OS.SYMLINK.READLINK", "symlink", "M", "PROFILE_EQ_COMMAND"
"PROFILE.OS.SYMLINK.READLINK", "symlink", "A", "PROFILE_EQ_COMMAND"
"PROFILE.OS.SYMLINK.READLINK", "symlink", "C", "PROFILE_EQ_COMMAND"
"PROFILE.OS.SYMLINK.READLINK", "symlink", "B", "PROFILE_EQ_COMMAND"
"PROFILE.OS.SYMLINK.READLINK", "targetdir/", "M", "PROFILE_EQ_COMMAND"
"PROFILE.OS.SYMLINK.READLINK", "targetdir/", "A", "PROFILE_EQ_COMMAND"
"PROFILE.OS.SYMLINK.READLINK", "targetdir/", "C", "PROFILE_EQ_COMMAND"
"PROFILE.OS.SYMLINK.READLINK", "targetdir/", "B", "PROFILE_EQ_COMMAND"
"PROFILE.OS.SYMLINK.READLINK", "linkdir/", "M", "PROFILE_EQ_COMMAND"
"PROFILE.OS.SYMLINK.READLINK", "linkdir/", "A", "PROFILE_EQ_COMMAND"
"PROFILE.OS.SYMLINK.READLINK", "linkdir/", "C", "PROFILE_EQ_COMMAND"
"PROFILE.OS.SYMLINK.READLINK", "linkdir/", "B", "PROFILE_EQ_COMMAND"
"PROFILE.OS.FILE.WRITE", "dir/", "M", "PROFILE_EQ_COMMAND"
"PROFILE.OS.FILE.WRITE", "dir/", "A", "PROFILE_EQ_COMMAND"
"PROFILE.OS.FILE.WRITE", "dir/", "C", "PROFILE_EQ_COMMAND"
"PROFILE.OS.FILE.WRITE", "dir/", "B", "PROFILE_EQ_COMMAND"
"PROFILE.OS.FILE.WRITE", "file", "M", "PROFILE_UPDATE_COMMAND"
"PROFILE.OS.FILE.WRITE", "file", "A", "PROFILE_EQ_COMMAND"
"PROFILE.OS.FILE.WRITE", "file", "C", "PROFILE_UPDATE_COMMAND"
"PROFILE.OS.FILE.WRITE", "file", "B", "PROFILE_EQ_COMMAND"
"PROFILE.OS.SYMLINK.FILE.WRITE", "file", "M", "PROFILE_UPDATE_COMMAND"
"PROFILE.OS.SYMLINK.FILE.WRITE", "file", "A", "PROFILE_EQ_COMMAND"
"PROFILE.OS.SYMLINK.FILE.WRITE", "file", "C", "PROFILE_UPDATE_COMMAND"
"PROFILE.OS.SYMLINK.FILE.WRITE", "file", "B", "PROFILE_EQ_COMMAND"
"PROFILE.OS.SYMLINK.FILE.WRITE", "symlink", "M", "PROFILE_EQ_COMMAND"
"PROFILE.OS.SYMLINK.FILE.WRITE", "symlink", "A", "PROFILE_EQ_COMMAND"
"PROFILE.OS.SYMLINK.FILE.WRITE", "symlink", "C", "PROFILE_EQ_COMMAND"
"PROFILE.OS.SYMLINK.FILE.WRITE", "symlink", "B", "PROFILE_EQ_COMMAND"
"PROFILE.OS.SYMLINK.FILE.WRITE", "filedir/", "M", "PROFILE_EQ_COMMAND"
"PROFILE.OS.SYMLINK.FILE.WRITE", "filedir/", "A", "PROFILE_EQ_COMMAND"
"PROFILE.OS.SYMLINK.FILE.WRITE", "filedir/", "C", "PROFILE_EQ_COMMAND"
"PROFILE.OS.SYMLINK.FILE.WRITE", "filedir/", "B", "PROFILE_EQ_COMMAND"
"PROFILE.OS.SYMLINK.FILE.WRITE", "linkdir/", "M", "PROFILE_EQ_COMMAND"
"PROFILE.OS.SYMLINK.FILE.WRITE", "linkdir/", "A", "PROFILE_EQ_COMMAND"
"PROFILE.OS.SYMLINK.FILE.WRITE", "linkdir/", "C", "PROFILE_EQ_COMMAND"
"PROFILE.OS.SYMLINK.FILE.WRITE", "linkdir/", "B", "PROFILE_EQ_COMMAND"
"PROFILE.OS.FILE.CHANGE", "dir/", "M", "PROFILE_EQ_COMMAND"
"PROFILE.OS.FILE.CHANGE", "dir/", "A", "PROFILE_EQ_COMMAND"
"PROFILE.OS.FILE.CHANGE", "dir/", "C", "PROFILE_EQ_COMMAND"
"PROFILE.OS.FILE.CHANGE", "dir/", "B", "PROFILE_EQ_COMMAND"
"PROFILE.OS.FILE.CHANGE", "file", "M", "PROFILE_EQ_COMMAND"
"PROFILE.OS.FILE.CHANGE", "file", "A", "PROFILE_EQ_COMMAND"
"PROFILE.OS.FILE.CHANGE", "file", "C", "PROFILE_UPDATE_COMMAND"
"PROFILE.OS.FILE.CHANGE", "file", "B", "PROFILE_EQ_COMMAND"
"PROFILE.OS.SYMLINK.FILE.CHANGE", "file", "M", "PROFILE_EQ_COMMAND"
"PROFILE.OS.SYMLINK.FILE.CHANGE", "file", "A", "PROFILE_EQ_COMMAND"
"PROFILE.OS.SYMLINK.FILE.CHANGE", "file", "C", "PROFILE_UPDATE_COMMAND"
"PROFILE.OS.SYMLINK.FILE.CHANGE", "file", "B", "PROFILE_EQ_COMMAND"
"PROFILE.OS.SYMLINK.FILE.CHANGE", "symlink", "M", "PROFILE_EQ_COMMAND"
"PROFILE.OS.SYMLINK.FILE.CHANGE", "symlink", "A", "PROFILE_EQ_COMMAND"
"PROFILE.OS.SYMLINK.FILE.CHANGE", "symlink", "C", "PROFILE_EQ_COMMAND"
"PROFILE.OS.SYMLINK.FILE.CHANGE", "symlink", "B", "PROFILE_EQ_COMMAND"
"PROFILE.OS.SYMLINK.FILE.CHANGE", "filedir/", "M", "PROFILE_EQ_COMMAND"
"PROFILE.OS.SYMLINK.FILE.CHANGE", "filedir/", "A", "PROFILE_EQ_COMMAND"
"PROFILE.OS.SYMLINK.FILE.CHANGE", "filedir/", "C", "PROFILE_EQ_COMMAND"
"PROFILE.OS.SYMLINK.FILE.CHANGE", "filedir/", "B", "PROFILE_EQ_COMMAND"
"PROFILE.OS.SYMLINK.FILE.CHANGE", "linkdir/", "M", "PROFILE_EQ_COMMAND"
"PROFILE.OS.SYMLINK.FILE.CHANGE", "linkdir/", "A", "PROFILE_EQ_COMMAND"
"PROFILE.OS.SYMLINK.FILE.CHANGE", "linkdir/", "C", "PROFILE_EQ_COMMAND"
"PROFILE.OS.SYMLINK.FILE.CHANGE", "linkdir/", "B", "PROFILE_EQ_COMMAND"
"PROFILE.OS.SYMLINK.FILE.CHANGE.NOFOLLOW", "file", "M", "PROFILE_EQ_COMMAND"
"PROFILE.OS.SYMLINK.FILE.CHANGE.NOFOLLOW", "file", "A", "PROFILE_EQ_COMMAND"
"PROFILE.OS.SYMLINK.FILE.CHANGE.NOFOLLOW", "file", "C", "PROFILE_EQ_COMMAND"
"PROFILE.OS.SYMLINK.FILE.CHANGE.NOFOLLOW", "file", "B", "PROFILE_EQ_COMMAND"
"PROFILE.OS.SYMLINK.FILE.CHANGE.NOFOLLOW", "symlink", "M", "PROFILE_EQ_COMMAND"
"PROFILE.OS.SYMLINK.FILE.CHANGE.NOFOLLOW", "symlink", "A", "PROFILE_EQ_COMMAND"
"PROFILE.OS.SYMLINK.FILE.CHANGE.NOFOLLOW", "symlink", "C", "PROFILE_UPDATE_COMMAND"
"PROFILE.OS.SYMLINK.FILE.CHANGE.NOFOLLOW", "symlink", "B", "PROFILE_EQ_COMMAND"
"PROFILE.OS.SYMLINK.FILE.CHANGE.NOFOLLOW", "filedir/", "M", "PROFILE_EQ_COMMAND"
"PROFILE.OS.SYMLINK.FILE.CHANGE.NOFOLLOW", "filedir/", "A", "PROFILE_EQ_COMMAND"
"PROFILE.OS.SYMLINK.FILE.CHANGE.NOFOLLOW", "filedir/", "C", "PROFILE_EQ_COMMAND"
"PROFILE.OS.SYMLINK.FILE.CHANGE.NOFOLLOW", "filedir/", "B", "PROFILE_EQ_COMMAND"
"PROFILE.OS.SYMLINK.FILE.CHANGE.NOFOLLOW", "linkdir/", "M", "PROFILE_EQ_COMMAND"
"PROFILE.OS.SYMLINK.FILE.CHANGE.NOFOLLOW", "linkdir/", "A", "PROFILE_EQ_COMMAND"
"PROFILE.OS.SYMLINK.FILE.CHANGE.NOFOLLOW", "linkdir/", "C", "PROFILE_EQ_COMMAND"
"PROFILE.OS.SYMLINK.FILE.CHANGE.NOFOLLOW", "linkdir/", "B", "PROFILE_EQ_COMMAND"
"PROFILE.OS.DIR.CHANGE", "parentdir/", "M", "PROFILE_EQ_COMMAND"
"PROFILE.OS.DIR.CHANGE", "parentdir/", "A", "PROFILE_EQ_COMMAND"
"PROFILE.OS.DIR.CHANGE", "parentdir/", "C", "PROFILE_EQ_COMMAND"
"PROFILE.OS.DIR.CHANGE", "parentdir/", "B", "PROFILE_EQ_COMMAND"
"PROFILE.OS.DIR.CHANGE", "dir/", "M", "PROFILE_EQ_COMMAND"
"PROFILE.OS.DIR.CHANGE", "dir/", "A", "PROFILE_EQ_COMMAND"
"PROFILE.OS.DIR.CHANGE", "dir/", "C", "PROFILE_UPDATE_COMMAND"
"PROFILE.OS.DIR.CHANGE", "dir/", "B", "PROFILE_EQ_COMMAND"
"PROFILE.OS.FILE.RM.last", "dir/", "M", "PROFILE_UPDATE_COMMAND"
"PROFILE.OS.FILE.RM.last", "dir/", "A", "PROFILE_EQ_COMMAND"
"PROFILE.OS.FILE.RM.last", "dir/", "C", "PROFILE_UPDATE_COMMAND"
"PROFILE.OS.FILE.RM.last", "dir/", "B", "PROFILE_EQ_COMMAND"
"PROFILE.OS.FILE.RM.notlast", "dir/", "M", "PROFILE_UPDATE_COMMAND"
"PROFILE.OS.FILE.RM.notlast", "dir/", "A", "PROFILE_EQ_COMMAND"
"PROFILE.OS.FILE.RM.notlast", "dir/", "C", "PROFILE_UPDATE_COMMAND"
"PROFILE.OS.FILE.RM.notlast", "dir/", "B", "PROFILE_EQ_COMMAND"
"PROFILE.OS.FILE.RM.notlast", "file", "M", "PROFILE_EQ_COMMAND"
"PROFILE.OS.FILE.RM.notlast", "file", "A", "PROFILE_EQ_COMMAND"
"PROFILE.OS.FILE.RM.notlast", "file", "C", "PROFILE_UPDATE_COMMAND"
"PROFILE.OS.FILE.RM.notlast", "file", "B", "PROFILE_EQ_COMMAND"
"PROFILE.OS.SYMLINK.FILE.RM.last", "file", "M", "PROFILE_EQ_COMMAND"
"PROFILE.OS.SYMLINK.FILE.RM.last", "file", "A", "PROFILE_EQ_COMMAND"
"PROFILE.OS.SYMLINK.FILE.RM.last", "file", "C", "PROFILE_EQ_COMMAND"
"PROFILE.OS.SYMLINK.FILE.RM.last", "file", "B", "PROFILE_EQ_COMMAND"
"PROFILE.OS.SYMLINK.FILE.RM.last", "filedir/", "M", "PROFILE_EQ_COMMAND"
"PROFILE.OS.SYMLINK.FILE.RM.last", "filedir/", "A", "PROFILE_EQ_COMMAND"
"PROFILE.OS.SYMLINK.FILE.RM.last", "filedir/", "C", "PROFILE_EQ_COMMAND"
"PROFILE.OS.SYMLINK.FILE.RM.last", "filedir/", "B", "PROFILE_EQ_COMMAND"
"PROFILE.OS.SYMLINK.FILE.RM.last", "linkdir/", "M", "PROFILE_UPDATE_COMMAND"
"PROFILE.OS.SYMLINK.FILE.RM.last", "linkdir/", "A", "PROFILE_EQ_COMMAND"
"PROFILE.OS.SYMLINK.FILE.RM.last", "linkdir/", "C", "PROFILE_UPDATE_COMMAND"
"PROFILE.OS.SYMLINK.FILE.RM.last", "linkdir/", "B", "PROFILE_EQ_COMMAND"
"PROFILE.OS.DIR.RM.last", "parentdir/", "M", "PROFILE_UPDATE_COMMAND"
"PROFILE.OS.DIR.RM.last", "parentdir/", "A", "PROFILE_EQ_COMMAND"
"PROFILE.OS.DIR.RM.last", "parentdir/", "C", "PROFILE_UPDATE_COMMAND"
"PROFILE.OS.DIR.RM.last", "parentdir/", "B", "PROFILE_EQ_COMMAND"
"PROFILE.OS.SYMLINK.DIR.RM.last", "dir/", "M", "PROFILE_EQ_COMMAND"
"PROFILE.OS.SYMLINK.DIR.RM.last", "dir/", "A", "PROFILE_EQ_COMMAND"
"PROFILE.OS.SYMLINK.DIR.RM.last", "dir/", "C", "PROFILE_EQ_COMMAND"
"PROFILE.OS.SYMLINK.DIR.RM.last", "dir/", "B", "PROFILE_EQ_COMMAND"
"PROFILE.OS.SYMLINK.DIR.RM.last", "dirdir/", "M", "PROFILE_EQ_COMMAND"
"PROFILE.OS.SYMLINK.DIR.RM.last", "dirdir/", "A", "PROFILE_EQ_COMMAND"
"PROFILE.OS.SYMLINK.DIR.RM.last", "dirdir/", "C", "PROFILE_EQ_COMMAND"
"PROFILE.OS.SYMLINK.DIR.RM.last", "dirdir/", "B", "PROFILE_EQ_COMMAND"
"PROFILE.OS.SYMLINK.DIR.RM.last", "linkdir/", "M", "PROFILE_UPDATE_COMMAND"
"PROFILE.OS.SYMLINK.DIR.RM.last", "linkdir/", "A", "PROFILE_EQ_COMMAND"
"PROFILE.OS.SYMLINK.DIR.RM.last", "linkdir/", "C", "PROFILE_UPDATE_COMMAND"
"PROFILE.OS.SYMLINK.DIR.RM.last", "linkdir/", "B", "PROFILE_EQ_COMMAND"
"PROFILE.OS.DIR.LISTING.notempty", "dir/", "M", "PROFILE_EQ_COMMAND"
"PROFILE.OS.DIR.LISTING.notempty", "dir/", "A", "PROFILE_EQ_COMMAND"
"PROFILE.OS.DIR.LISTING.notempty", "dir/", "C", "PROFILE_EQ_COMMAND"
"PROFILE.OS.DIR.LISTING.notempty", "dir/", "B", "PROFILE_EQ_COMMAND"
"PROFILE.OS.DIR.LISTING.notempty", "file", "M", "PROFILE_EQ_COMMAND"
"PROFILE.OS.DIR.LISTING.notempty", "file", "A", "PROFILE_EQ_COMMAND"
"PROFILE.OS.DIR.LISTING.notempty", "file", "C", "PROFILE_EQ_COMMAND"
"PROFILE.OS.DIR.LISTING.notempty", "file", "B", "PROFILE_EQ_COMMAND"
"PROFILE.OS.DIR.LISTING.empty", "dir/", "M", "PROFILE_EQ_COMMAND"
"PROFILE.OS.DIR.LISTING.empty", "dir/", "A", "PROFILE_EQ_COMMAND"
"PROFILE.OS.DIR.LISTING.empty", "dir/", "C", "PROFILE_EQ_COMMAND"
"PROFILE.OS.DIR.LISTING.empty", "dir/", "B", "PROFILE_EQ_COMMAND"
"PROFILE.OS.SYMLINK.DIR.LISTING.notempty", "dir/", "M", "PROFILE_EQ_COMMAND"
"PROFILE.OS.SYMLINK.DIR.LISTING.notempty", "dir/", "A", "PROFILE_EQ_COMMAND"
"PROFILE.OS.SYMLINK.DIR.LISTING.notempty", "dir/", "C", "PROFILE_EQ_COMMAND"
"PROFILE.OS.SYMLINK.DIR.LISTING.notempty", "dir/", "B", "PROFILE_EQ_COMMAND"
"PROFILE.OS.SYMLINK.DIR.LISTING.notempty", "symlink", "M", "PROFILE_EQ_COMMAND"
"PROFILE.OS.SYMLINK.DIR.LISTING.notempty", "symlink", "A", "PROFILE_EQ_COMMAND"
"PROFILE.OS.SYMLINK.DIR.LISTING.notempty", "symlink", "C", "PROFILE_EQ_COMMAND"
"PROFILE.OS.SYMLINK.DIR.LISTING.notempty", "symlink", "B", "PROFILE_EQ_COMMAND"
"PROFILE.OS.SYMLINK.DIR.LISTING.notempty", "file", "M", "PROFILE_EQ_COMMAND"
"PROFILE.OS.SYMLINK.DIR.LISTING.notempty", "file", "A", "PROFILE_EQ_COMMAND"
"PROFILE.OS.SYMLINK.DIR.LISTING.notempty", "file", "C", "PROFILE_EQ_COMMAND"
"PROFILE.OS.SYMLINK.DIR.LISTING.notempty", "file", "B", "PROFILE_EQ_COMMAND"
"PROFILE.OS.DIR.TRAVERSAL", "dir/", "M", "PROFILE_EQ_COMMAND"
"PROFILE.OS.DIR.TRAVERSAL", "dir/", "A", "PROFILE_EQ_COMMAND"
"PROFILE.OS.DIR.TRAVERSAL", "dir/", "C", "PROFILE_EQ_COMMAND"
"PROFILE.OS.DIR.TRAVERSAL", "dir/", "B", "PROFILE_EQ_COMMAND"
"PROFILE.OS.SYMLINK.DIR.TRAVERSAL", "dir/", "M", "PROFILE_EQ_COMMAND"
"PROFILE.OS.SYMLINK.DIR.TRAVERSAL", "dir/", "A", "PROFILE_EQ_COMMAND"
"PROFILE.OS.SYMLINK.DIR.TRAVERSAL", "dir/", "C", "PROFILE_EQ_COMMAND"
"PROFILE.OS.SYMLINK.DIR.TRAVERSAL", "dir/", "B", "PROFILE_EQ_COMMAND"
"PROFILE.OS.SYMLINK.DIR.TRAVERSAL", "symlink", "M", "PROFILE_EQ_COMMAND"
"PROFILE.OS.SYMLINK.DIR.TRAVERSAL", "symlink", "A", "PROFILE_EQ_COMMAND"
"PROFILE.OS.SYMLINK.DIR.TRAVERSAL", "symlink", "C", "PROFILE_EQ_COMMAND"
"PROFILE.OS.SYMLINK.DIR.TRAVERSAL", "symlink", "B", "PROFILE_EQ_COMMAND"
"PROFILE.OS.EXEC", "bin", "M", "PROFILE_EQ_COMMAND"
"PROFILE.OS.EXEC", "bin", "A", "PROFILE_UPDATE_COMMAND"
"PROFILE.OS.EXEC", "bin", "C", "PROFILE_EQ_COMMAND"
"PROFILE.OS.EXEC", "bin", "B", "PROFILE_EQ_COMMAND"
"PROFILE.OS.EXEC", "dir/", "M", "PROFILE_EQ_COMMAND"
"PROFILE.OS.EXEC", "dir/", "A", "PROFILE_EQ_COMMAND"
"PROFILE.OS.EXEC", "dir/", "C", "PROFILE_EQ_COMMAND"
"PROFILE.OS.EXEC", "dir/", "B", "PROFILE_EQ_COMMAND"
"PROFILE.OS.EXEC", "pwd/", "M", "PROFILE_EQ_COMMAND"
"PROFILE.OS.EXEC", "pwd/", "A", "PROFILE_EQ_COMMAND"
"PROFILE.OS.EXEC", "pwd/", "C", "PROFILE_EQ_COMMAND"
"PROFILE.OS.EXEC", "pwd/", "B", "PROFILE_EQ_COMMAND"
"PROFILE.OS.SYMLINK.EXEC", "bin", "M", "PROFILE_EQ_COMMAND"
"PROFILE.OS.SYMLINK.EXEC", "bin", "A", "PROFILE_UPDATE_COMMAND"
"PROFILE.OS.SYMLINK.EXEC", "bin", "C", "PROFILE_EQ_COMMAND"
"PROFILE.OS.SYMLINK.EXEC", "bin", "B", "PROFILE_EQ_COMMAND"
"PROFILE.OS.SYMLINK.EXEC", "bin_symlink", "M", "PROFILE_EQ_COMMAND"
"PROFILE.OS.SYMLINK.EXEC", "bin_symlink", "A", "PROFILE_EQ_COMMAND"
"PROFILE.OS.SYMLINK.EXEC", "bin_symlink", "C", "PROFILE_EQ_COMMAND"
"PROFILE.OS.SYMLINK.EXEC", "bin_symlink", "B", "PROFILE_EQ_COMMAND"
"PROFILE.OS.SYMLINK.EXEC", "bindir/", "M", "PROFILE_EQ_COMMAND"
"PROFILE.OS.SYMLINK.EXEC", "bindir/", "A", "PROFILE_EQ_COMMAND"
"PROFILE.OS.SYMLINK.EXEC", "bindir/", "C", "PROFILE_EQ_COMMAND"
"PROFILE.OS.SYMLINK.EXEC", "bindir/", "B", "PROFILE_EQ_COMMAND"
"PROFILE.OS.SYMLINK.EXEC", "linkdir/", "M", "PROFILE_EQ_COMMAND"
"PROFILE.OS.SYMLINK.EXEC", "linkdir/", "A", "PROFILE_EQ_COMMAND"
"PROFILE.OS.SYMLINK.EXEC", "linkdir/", "C", "PROFILE_EQ_COMMAND"
"PROFILE.OS.SYMLINK.EXEC", "linkdir/", "B", "PROFILE_EQ_COMMAND"
"PROFILE.OS.SYMLINK.EXEC", "pwd/", "M", "PROFILE_EQ_COMMAND"
"PROFILE.OS.SYMLINK.EXEC", "pwd/", "A", "PROFILE_EQ_COMMAND"
"PROFILE.OS.SYMLINK.EXEC", "pwd/", "C", "PROFILE_EQ_COMMAND"
"PROFILE.OS.SYMLINK.EXEC", "pwd/", "B", "PROFILE_EQ_COMMAND"
"PROFILE.OS.EXEC.INTOSYMLINKDIR", "bin", "M", "PROFILE_EQ_COMMAND"
"PROFILE.OS.EXEC.INTOSYMLINKDIR", "bin", "A", "PROFILE_UPDATE_COMMAND"
"PROFILE.OS.EXEC.INTOSYMLINKDIR", "bin", "C", "PROFILE_EQ_COMMAND"
"PROFILE.OS.EXEC.INTOSYMLINKDIR", "bin", "B", "PROFILE_EQ_COMMAND"
"PROFILE.OS.EXEC.INTOSYMLINKDIR", "dir/", "M", "PROFILE_EQ_COMMAND"
"PROFILE.OS.EXEC.INTOSYMLINKDIR", "dir/", "A", "PROFILE_EQ_COMMAND"
"PROFILE.OS.EXEC.INTOSYMLINKDIR", "dir/", "C", "PROFILE_EQ_COMMAND"
"PROFILE.OS.EXEC.INTOSYMLINKDIR", "dir/", "B", "PROFILE_EQ_COMMAND"
"PROFILE.OS.EXEC.INTOSYMLINKDIR", "dir_symlink", "M", "PROFILE_EQ_COMMAND"
"PROFILE.OS.EXEC.INTOSYMLINKDIR", "dir_symlink", "A", "PROFILE_EQ_COMMAND"
"PROFILE.OS.EXEC.INTOSYMLINKDIR", "dir_symlink", "C", "PROFILE_EQ_COMMAND"
"PROFILE.OS.EXEC.INTOSYMLINKDIR", "dir_symlink", "B", "PROFILE_EQ_COMMAND"
"PROFILE.OS.EXEC.INTOSYMLINKDIR", "pwd/", "M", "PROFILE_EQ_COMMAND"
"PROFILE.OS.EXEC.INTOSYMLINKDIR", "pwd/", "A", "PROFILE_EQ_COMMAND"
"PROFILE.OS.EXEC.INTOSYMLINKDIR", "pwd/", "C", "PROFILE_EQ_COMMAND"
"PROFILE.OS.EXEC.INTOSYMLINKDIR", "pwd/", "B", "PROFILE_EQ_COMMAND"
